model,in_per_1m,out_per_1m,blended_per_1m,usd_per_book_30k,books_per_usd
gpt-4.1,2.0,8.0,6.199999999999999,0.186,5.376344086021505
gpt-4.1-mini,0.4,1.6,1.2399999999999998,0.037200000000000004,26.881720430107524
gpt-4o,2.5,10.0,7.75,0.2325,4.301075268817204
gpt-4o-mini,0.15,0.6,0.46499999999999997,0.01395,71.68458781362007
